{
  "timestamp": "2026-03-15T01:24:01.567254+00:00",
  "config": {
    "limit": 50,
    "days_before": 7,
    "use_context": false,
    "n_valid": 29
  },
  "summary": {
    "commodities": {
      "n_events": 1,
      "our_brier": 0.27583504,
      "market_brier": 0.235225,
      "beat_market_rate": 0.0,
      "has_alpha": false
    },
    "crypto": {
      "n_events": 28,
      "our_brier": 0.14169622266785714,
      "market_brier": 0.1436131607142857,
      "beat_market_rate": 0.39285714285714285,
      "has_alpha": true
    }
  },
  "overall": {
    "our_brier": 0.1463216991275862,
    "market_brier": 0.1467721896551724,
    "beat_market_rate": 0.3793103448275862
  }
}